user_id,first_name,last_name,permission_type,license_type,email
Unknown,Unknown,Unknown,Unknown,Unknown,Unknown
Unknown,Unknown,Unknown,Unknown,Unknown,Unknown
Unknown,Unknown,Unknown,Unknown,Unknown,Unknown
Unknown,Unknown,Unknown,Unknown,Unknown,Unknown
Unknown,Unknown,Unknown,Unknown,Unknown,Unknown
Unknown,Unknown,Unknown,Unknown,Unknown,Unknown
Unknown,Unknown,Unknown,Unknown,Unknown,Unknown
Unknown,Unknown,Unknown,Unknown,Unknown,Unknown
Unknown,Unknown,Unknown,Unknown,Unknown,Unknown
Unknown,Unknown,Unknown,Unknown,Unknown,Unknown
Unknown,Unknown,Unknown,Unknown,Unknown,Unknown
Unknown,Unknown,Unknown,Unknown,Unknown,Unknown
Unknown,Unknown,Unknown,Unknown,Unknown,Unknown
Unknown,Unknown,Unknown,Unknown,Unknown,Unknown
Unknown,Unknown,Unknown,Unknown,Unknown,Unknown
Unknown,Unknown,Unknown,Unknown,Unknown,Unknown
Unknown,Unknown,Unknown,Unknown,Unknown,Unknown
Unknown,Unknown,Unknown,Unknown,Unknown,Unknown
Unknown,Unknown,Unknown,Unknown,Unknown,Unknown
Unknown,Unknown,Unknown,Unknown,Unknown,Unknown
Unknown,Unknown,Unknown,Unknown,Unknown,Unknown
Unknown,Unknown,Unknown,Unknown,Unknown,Unknown
Unknown,Unknown,Unknown,Unknown,Unknown,Unknown
Unknown,Unknown,Unknown,Unknown,Unknown,Unknown
Unknown,Unknown,Unknown,Unknown,Unknown,Unknown
Unknown,Unknown,Unknown,Unknown,Unknown,Unknown
Unknown,Unknown,Unknown,Unknown,Unknown,Unknown
Unknown,Unknown,Unknown,Unknown,Unknown,Unknown
Unknown,Unknown,Unknown,Unknown,Unknown,Unknown
Unknown,Unknown,Unknown,Unknown,Unknown,Unknown
Unknown,Unknown,Unknown,Unknown,Unknown,Unknown
Unknown,Unknown,Unknown,Unknown,Unknown,Unknown
Unknown,Unknown,Unknown,Unknown,Unknown,Unknown
Unknown,Unknown,Unknown,Unknown,Unknown,Unknown
Unknown,Unknown,Unknown,Unknown,Unknown,Unknown
Unknown,Unknown,Unknown,Unknown,Unknown,Unknown
Unknown,Unknown,Unknown,Unknown,Unknown,Unknown
Unknown,Unknown,Unknown,Unknown,Unknown,Unknown
Unknown,Unknown,Unknown,Unknown,Unknown,Unknown
Unknown,Unknown,Unknown,Unknown,Unknown,Unknown
Unknown,Unknown,Unknown,Unknown,Unknown,Unknown
Unknown,Unknown,Unknown,Unknown,Unknown,Unknown
Unknown,Unknown,Unknown,Unknown,Unknown,Unknown
Unknown,Unknown,Unknown,Unknown,Unknown,Unknown
Unknown,Unknown,Unknown,Unknown,Unknown,Unknown
Unknown,Unknown,Unknown,Unknown,Unknown,Unknown
Unknown,Unknown,Unknown,Unknown,Unknown,Unknown
Unknown,Unknown,Unknown,Unknown,Unknown,Unknown
Unknown,Unknown,Unknown,Unknown,Unknown,Unknown
Unknown,Unknown,Unknown,Unknown,Unknown,Unknown
Unknown,Unknown,Unknown,Unknown,Unknown,Unknown
Unknown,Unknown,Unknown,Unknown,Unknown,Unknown
Unknown,Unknown,Unknown,Unknown,Unknown,Unknown
Unknown,Unknown,Unknown,Unknown,Unknown,Unknown
Unknown,Unknown,Unknown,Unknown,Unknown,Unknown
Unknown,Unknown,Unknown,Unknown,Unknown,Unknown
Unknown,Unknown,Unknown,Unknown,Unknown,Unknown
Unknown,Unknown,Unknown,Unknown,Unknown,Unknown
Unknown,Unknown,Unknown,Unknown,Unknown,Unknown
Unknown,Unknown,Unknown,Unknown,Unknown,Unknown
Unknown,Unknown,Unknown,Unknown,Unknown,Unknown
Unknown,Unknown,Unknown,Unknown,Unknown,Unknown
Unknown,Unknown,Unknown,Unknown,Unknown,Unknown
Unknown,Unknown,Unknown,Unknown,Unknown,Unknown
Unknown,Unknown,Unknown,Unknown,Unknown,Unknown
Unknown,Unknown,Unknown,Unknown,Unknown,Unknown
Unknown,Unknown,Unknown,Unknown,Unknown,Unknown
Unknown,Unknown,Unknown,Unknown,Unknown,Unknown
Unknown,Unknown,Unknown,Unknown,Unknown,Unknown
Unknown,Unknown,Unknown,Unknown,Unknown,Unknown
Unknown,Unknown,Unknown,Unknown,Unknown,Unknown
Unknown,Unknown,Unknown,Unknown,Unknown,Unknown
Unknown,Unknown,Unknown,Unknown,Unknown,Unknown
Unknown,Unknown,Unknown,Unknown,Unknown,Unknown
Unknown,Unknown,Unknown,Unknown,Unknown,Unknown
Unknown,Unknown,Unknown,Unknown,Unknown,Unknown
Unknown,Unknown,Unknown,Unknown,Unknown,Unknown
Unknown,Unknown,Unknown,Unknown,Unknown,Unknown
Unknown,Unknown,Unknown,Unknown,Unknown,Unknown
Unknown,Unknown,Unknown,Unknown,Unknown,Unknown
Unknown,Unknown,Unknown,Unknown,Unknown,Unknown
Unknown,Unknown,Unknown,Unknown,Unknown,Unknown
Unknown,Unknown,Unknown,Unknown,Unknown,Unknown
Unknown,Unknown,Unknown,Unknown,Unknown,Unknown
Unknown,Unknown,Unknown,Unknown,Unknown,Unknown
Unknown,Unknown,Unknown,Unknown,Unknown,Unknown
Unknown,Unknown,Unknown,Unknown,Unknown,Unknown
Unknown,Unknown,Unknown,Unknown,Unknown,Unknown
Unknown,Unknown,Unknown,Unknown,Unknown,Unknown
Unknown,Unknown,Unknown,Unknown,Unknown,Unknown
Unknown,Unknown,Unknown,Unknown,Unknown,Unknown
Unknown,Unknown,Unknown,Unknown,Unknown,Unknown
Unknown,Unknown,Unknown,Unknown,Unknown,Unknown
Unknown,Unknown,Unknown,Unknown,Unknown,Unknown
Unknown,Unknown,Unknown,Unknown,Unknown,Unknown
Unknown,Unknown,Unknown,Unknown,Unknown,Unknown
Unknown,Unknown,Unknown,Unknown,Unknown,Unknown
Unknown,Unknown,Unknown,Unknown,Unknown,Unknown
Unknown,Unknown,Unknown,Unknown,Unknown,Unknown
Unknown,Unknown,Unknown,Unknown,Unknown,Unknown
